[
  {
    "Title": "Chickpea Salad",
    "Ingredients": [
      "Chickpeas",
      "Cucumber",
      "Tomato",
      "Red onion",
      "Parsley",
      "Lemon juice",
      "Olive oil",
      "Salt",
      "Pepper"
    ],
    "Instructions": "Combine chickpeas, cucumber, tomato, red onion, parsley, lemon juice, olive oil, salt, and pepper. Toss well and serve.\n\n1. In a large bowl, combine the chickpeas, cucumber, tomato, red onion, and parsley.\n2. In a small bowl, whisk together the lemon juice, olive oil, salt, and pepper.\n3. Pour the dressing over the salad and toss well to combine.\n4. Serve immediately or refrigerate until ready to serve.",
    "Recipe": "A refreshing and nutritious chickpea salad."
  },
  {
    "Title": "Lentil Curry",
    "Ingredients": [
      "Red lentils",
      "Onion",
      "Garlic",
      "Ginger",
      "Tomato",
      "Coconut milk",
      "Curry powder",
      "Cumin",
      "Coriander",
      "Turmeric",
      "Cayenne pepper",
      "Salt"
    ],
    "Instructions": "Sauté onion, garlic, and ginger. Add tomato, spices, red lentils, and coconut milk. Simmer until lentils are cooked. Serve with rice or bread.\n\n1. In a pot, sauté the chopped onion, garlic, and ginger until fragrant.\n2. Add the chopped tomato and cook until softened.\n3. Stir in the curry powder, cumin, coriander, turmeric, and cayenne pepper.\n4. Add the red lentils and coconut milk. Simmer until the lentils are cooked and the curry has thickened.\n5. Season with salt to taste.\n6. Serve the lentil curry with rice or bread.",
    "Recipe": "A flavorful lentil curry with a blend of spices and creamy coconut milk."
  },
  {
    "Title": "Vegan Pasta Alfredo",
    "Ingredients": [
      "Fettuccine pasta",
      "Cashews",
      "Nutritional yeast",
      "Garlic",
      "Lemon juice",
      "Vegetable broth",
      "Almond milk",
      "Salt",
      "Pepper"
    ],
    "Instructions": "Boil pasta. Blend cashews, nutritional yeast, garlic, lemon juice, broth, almond milk, salt, and pepper. Toss pasta with sauce and serve.\n\n1. Boil the fettuccine pasta according to the package instructions.\n2. Drain and set aside.\n3. In a blender, combine the soaked cashews, nutritional yeast, garlic, lemon juice, vegetable broth, almond milk, salt, and pepper.\n4. Blend until smooth and creamy.\n5. Toss the cooked pasta with the creamy sauce.\n6. Serve the vegan pasta Alfredo immediately.",
    "Recipe": "A creamy and dairy-free pasta Alfredo made with cashew-based sauce."
  },
  {
    "Title": "Quinoa-Stuffed Bell Peppers",
    "Ingredients": [
      "Bell peppers",
      "Quinoa",
      "Black beans",
      "Corn",
      "Onion",
      "Garlic",
      "Cumin",
      "Paprika",
      "Chili powder",
      "Tomato sauce"
    ],
    "Instructions": "Cook quinoa. Sauté onion, garlic. Mix quinoa, veggies, beans, corn, spices, tomato sauce. Stuff peppers and bake.\n\n1. Preheat the oven to 375°F (190°C).\n2. Cut the tops off the bell peppers and remove the seeds.\n3. Cook the quinoa according to the package instructions.\n4. In a pan, sauté the chopped onion and garlic until translucent.\n5. Add the cooked quinoa, black beans, corn, cumin, paprika, chili powder, and tomato sauce.\n6. Stir to combine.\n7. Stuff the bell peppers with the quinoa mixture and place them in a baking dish.\n8. Cover with foil and bake for about 25-30 minutes, until the peppers are tender.\n9. Serve the quinoa-stuffed bell peppers hot.",
    "Recipe": "Colorful bell peppers stuffed with quinoa, black beans, and flavorful spices."
  },
  {
    "Title": "Vegan Tofu Scramble",
    "Ingredients": [
      "Tofu",
      "Bell pepper",
      "Onion",
      "Spinach",
      "Turmeric",
      "Nutritional yeast",
      "Garlic powder",
      "Onion powder",
      "Salt",
      "Pepper"
    ],
    "Instructions": "Crumble tofu. Sauté bell pepper, onion. Add tofu, spices, spinach. Cook until heated. Stir in spinach.\n\n1. In a pan, sauté the diced bell pepper and chopped onion until softened.\n2. Add the crumbled tofu to the pan and cook for a few minutes.\n3. Sprinkle turmeric, nutritional yeast, garlic powder, onion powder, salt, and pepper over the tofu.\n4. Stir to combine.\n5. Add the spinach and cook until wilted.\n6. Serve the vegan tofu scramble warm.",
    "Recipe": "A savory tofu scramble with a mix of bell peppers, onions, and nutrient-rich spinach."
  }
]
